pedestrian-back-359.jpg,pedestrian-back
pedestrian-front-352.jpg,pedestrian-right
pedestrian-back-375.jpg,pedestrian-right
pedestrian-front-358.jpg,pedestrian-left
pedestrian-front-351.jpg,pedestrian-front
pedestrian-right-361.jpg,pedestrian-left
pedestrian-front-379.jpg,pedestrian-front
pedestrian-right-381.jpg,pedestrian-front
pedestrian-left-381.jpg,pedestrian-back
pedestrian-back-354.jpg,pedestrian-right
pedestrian-back-393.jpg,pedestrian-back
pedestrian-left-360.jpg,pedestrian-back
pedestrian-front-392.jpg,pedestrian-left
pedestrian-back-367.jpg,pedestrian-right
pedestrian-back-386.jpg,pedestrian-right
pedestrian-back-351.jpg,pedestrian-right
pedestrian-right-368.jpg,pedestrian-right
pedestrian-back-392.jpg,pedestrian-right
pedestrian-left-359.jpg,pedestrian-front
pedestrian-front-368.jpg,pedestrian-right
pedestrian-right-394.jpg,pedestrian-front
pedestrian-right-388.jpg,pedestrian-back
pedestrian-left-377.jpg,pedestrian-left
pedestrian-right-380.jpg,pedestrian-right
pedestrian-back-355.jpg,pedestrian-back
pedestrian-right-366.jpg,pedestrian-front
pedestrian-left-392.jpg,pedestrian-front
pedestrian-right-377.jpg,pedestrian-front
pedestrian-right-387.jpg,pedestrian-right
pedestrian-front-390.jpg,pedestrian-left
pedestrian-back-374.jpg,pedestrian-right
pedestrian-front-381.jpg,pedestrian-front
pedestrian-back-364.jpg,pedestrian-left
pedestrian-left-382.jpg,pedestrian-back
pedestrian-front-389.jpg,pedestrian-front
pedestrian-front-384.jpg,pedestrian-front
pedestrian-back-370.jpg,pedestrian-back
pedestrian-right-383.jpg,pedestrian-right
pedestrian-left-353.jpg,pedestrian-left
pedestrian-left-355.jpg,pedestrian-right
pedestrian-back-358.jpg,pedestrian-left
pedestrian-left-375.jpg,pedestrian-right
pedestrian-right-371.jpg,pedestrian-back
pedestrian-left-354.jpg,pedestrian-back
pedestrian-back-353.jpg,pedestrian-right
pedestrian-back-382.jpg,pedestrian-left
pedestrian-right-367.jpg,pedestrian-left
pedestrian-front-357.jpg,pedestrian-front
pedestrian-right-375.jpg,pedestrian-left
pedestrian-back-361.jpg,pedestrian-back
pedestrian-right-364.jpg,pedestrian-front
pedestrian-front-360.jpg,pedestrian-back
pedestrian-right-351.jpg,pedestrian-front
pedestrian-right-370.jpg,pedestrian-right
pedestrian-left-385.jpg,pedestrian-back
pedestrian-back-368.jpg,pedestrian-right
pedestrian-left-391.jpg,pedestrian-left
pedestrian-front-396.jpg,pedestrian-front
pedestrian-back-378.jpg,pedestrian-front
pedestrian-left-383.jpg,pedestrian-front
pedestrian-front-354.jpg,pedestrian-right
pedestrian-right-392.jpg,pedestrian-front
pedestrian-back-384.jpg,pedestrian-right
pedestrian-right-393.jpg,pedestrian-left
pedestrian-left-368.jpg,pedestrian-right
pedestrian-back-391.jpg,pedestrian-right
pedestrian-left-379.jpg,pedestrian-right
pedestrian-right-372.jpg,pedestrian-front
pedestrian-right-359.jpg,pedestrian-left
pedestrian-right-396.jpg,pedestrian-right
pedestrian-front-398.jpg,pedestrian-left
pedestrian-back-372.jpg,pedestrian-back
pedestrian-front-385.jpg,pedestrian-left
pedestrian-back-397.jpg,pedestrian-front
pedestrian-right-391.jpg,pedestrian-right
pedestrian-back-352.jpg,pedestrian-back
pedestrian-left-396.jpg,pedestrian-back
pedestrian-left-388.jpg,pedestrian-right
pedestrian-right-356.jpg,pedestrian-right
pedestrian-front-365.jpg,pedestrian-back
pedestrian-left-367.jpg,pedestrian-front
pedestrian-front-377.jpg,pedestrian-front
pedestrian-front-369.jpg,pedestrian-front
pedestrian-left-361.jpg,pedestrian-right
pedestrian-right-353.jpg,pedestrian-front
pedestrian-left-374.jpg,pedestrian-back
pedestrian-front-361.jpg,pedestrian-front
pedestrian-back-395.jpg,pedestrian-left
pedestrian-left-399.jpg,pedestrian-back
pedestrian-left-389.jpg,pedestrian-front
pedestrian-left-358.jpg,pedestrian-left
pedestrian-right-397.jpg,pedestrian-front
pedestrian-left-380.jpg,pedestrian-front
pedestrian-left-370.jpg,pedestrian-front
pedestrian-right-355.jpg,pedestrian-left
pedestrian-front-399.jpg,pedestrian-right
pedestrian-front-395.jpg,pedestrian-right
pedestrian-left-351.jpg,pedestrian-left
pedestrian-front-366.jpg,pedestrian-back
pedestrian-right-390.jpg,pedestrian-left
pedestrian-left-373.jpg,pedestrian-back
pedestrian-left-398.jpg,pedestrian-right
pedestrian-right-386.jpg,pedestrian-left
pedestrian-left-369.jpg,pedestrian-left
pedestrian-back-365.jpg,pedestrian-front
pedestrian-right-360.jpg,pedestrian-front
pedestrian-left-356.jpg,pedestrian-left
pedestrian-left-397.jpg,pedestrian-front
pedestrian-back-371.jpg,pedestrian-back
pedestrian-right-389.jpg,pedestrian-front
pedestrian-left-352.jpg,pedestrian-left
pedestrian-front-400.jpg,pedestrian-left
pedestrian-front-388.jpg,pedestrian-right
pedestrian-left-376.jpg,pedestrian-right
pedestrian-front-371.jpg,pedestrian-back
pedestrian-front-372.jpg,pedestrian-left
pedestrian-left-362.jpg,pedestrian-left
pedestrian-right-365.jpg,pedestrian-front
pedestrian-back-388.jpg,pedestrian-left
pedestrian-right-362.jpg,pedestrian-right
pedestrian-front-394.jpg,pedestrian-back
pedestrian-right-354.jpg,pedestrian-front
pedestrian-left-393.jpg,pedestrian-right
pedestrian-right-357.jpg,pedestrian-left
pedestrian-back-387.jpg,pedestrian-right
pedestrian-right-374.jpg,pedestrian-right
pedestrian-right-378.jpg,pedestrian-back
pedestrian-front-375.jpg,pedestrian-left
pedestrian-back-360.jpg,pedestrian-back
pedestrian-front-393.jpg,pedestrian-front
pedestrian-right-384.jpg,pedestrian-right
pedestrian-left-371.jpg,pedestrian-front
pedestrian-right-395.jpg,pedestrian-left
pedestrian-left-365.jpg,pedestrian-front
pedestrian-right-398.jpg,pedestrian-left
pedestrian-back-400.jpg,pedestrian-left
pedestrian-front-397.jpg,pedestrian-right
pedestrian-front-378.jpg,pedestrian-left
pedestrian-back-381.jpg,pedestrian-back
pedestrian-right-358.jpg,pedestrian-front
pedestrian-back-379.jpg,pedestrian-left
pedestrian-left-395.jpg,pedestrian-left
pedestrian-right-379.jpg,pedestrian-front
pedestrian-front-374.jpg,pedestrian-left
pedestrian-front-387.jpg,pedestrian-right
pedestrian-left-364.jpg,pedestrian-right
pedestrian-back-385.jpg,pedestrian-back
pedestrian-left-387.jpg,pedestrian-left
pedestrian-left-366.jpg,pedestrian-front
pedestrian-back-377.jpg,pedestrian-front
pedestrian-back-357.jpg,pedestrian-front
pedestrian-right-382.jpg,pedestrian-left
pedestrian-right-363.jpg,pedestrian-right
pedestrian-left-400.jpg,pedestrian-front
pedestrian-left-386.jpg,pedestrian-back
pedestrian-front-364.jpg,pedestrian-left
pedestrian-left-357.jpg,pedestrian-right
pedestrian-back-396.jpg,pedestrian-left
pedestrian-left-363.jpg,pedestrian-front
pedestrian-front-363.jpg,pedestrian-left
pedestrian-back-398.jpg,pedestrian-left
pedestrian-back-380.jpg,pedestrian-right
pedestrian-right-352.jpg,pedestrian-back
pedestrian-back-366.jpg,pedestrian-left
pedestrian-right-400.jpg,pedestrian-right
pedestrian-back-373.jpg,pedestrian-back
pedestrian-back-356.jpg,pedestrian-front
pedestrian-back-369.jpg,pedestrian-back
pedestrian-back-389.jpg,pedestrian-right
pedestrian-left-378.jpg,pedestrian-back
pedestrian-front-367.jpg,pedestrian-right
pedestrian-front-373.jpg,pedestrian-right
pedestrian-left-394.jpg,pedestrian-front
pedestrian-right-373.jpg,pedestrian-front
pedestrian-right-385.jpg,pedestrian-back
pedestrian-left-384.jpg,pedestrian-back
pedestrian-front-380.jpg,pedestrian-right
pedestrian-front-382.jpg,pedestrian-left
pedestrian-front-355.jpg,pedestrian-left
pedestrian-right-376.jpg,pedestrian-left
pedestrian-right-399.jpg,pedestrian-front
pedestrian-left-390.jpg,pedestrian-left
pedestrian-front-356.jpg,pedestrian-right
pedestrian-front-391.jpg,pedestrian-right
pedestrian-front-362.jpg,pedestrian-left
